data_scraping,codigo,modelo,marca,versao,preco,ano,km,cambio,combustivel,cor,foto_principal,link,fotos,detalhes,opcionais
2026-02-22 05:46:57,7329496,FIAT CRONOS DRIVE 1.3,FIAT,DRIVE 1.3,"R$ 79.900,00",2024,46.633,MANUAL,FLEX,PRETO,https://s3.carro57.com.br/FC/6561/7329496_17_M_3a02bf836e.jpeg,https://camoesmultimarcas.com.br/carros/Fiat/Cronos/Drive-13/Fiat-Cronos-Drive-13-2024-Santos-Sao-Paulo-7329496.html,"['https://s3.carro57.com.br/FC/6561/7329496_17_W_3a02bf836e.jpeg', 'https://s3.carro57.com.br/FC/6561/7329496_12_W_7cced758b1.jpeg', 'https://s3.carro57.com.br/FC/6561/7329496_12_W_a147bc72c2.jpeg', 'https://s3.carro57.com.br/FC/6561/7329496_13_W_c1833ed056.jpeg', 'https://s3.carro57.com.br/FC/6561/7329496_1_W_e1bec690aa.jpeg', 'https://s3.carro57.com.br/FC/6561/7329496_1_W_7979eb634b.jpeg', 'https://s3.carro57.com.br/FC/6561/7329496_5_W_a8ac94d1be.jpeg', 'https://s3.carro57.com.br/FC/6561/7329496_8_W_3009e99cec.jpeg', 'https://s3.carro57.com.br/FC/6561/7329496_8_W_7b7c08e6f1.jpeg', 'https://s3.carro57.com.br/FC/6561/7329496_0_W_6f7ec8f75b.jpeg', 'https://s3.carro57.com.br/FC/6561/7329496_5_W_04ccddae2b.jpeg', 'https://s3.carro57.com.br/FC/6561/7329496_1_W_2bf47830d5.jpeg', 'https://s3.carro57.com.br/FC/6561/7329496_8_W_e2b1a9de3a.jpeg', 'https://s3.carro57.com.br/FC/6561/7329496_8_W_8c9f8d06fb.jpeg', 'https://s3.carro57.com.br/FC/6561/7329496_16_W_9c61293a0c.jpeg', 'https://s3.carro57.com.br/FC/6561/7329496_12_W_203a993d00.jpeg', 'https://s3.carro57.com.br/FC/6561/7329496_5_W_28b1d195a8.jpeg', 'https://s3.carro57.com.br/FC/6561/7329496_0_W_d3f16c252b.jpeg']","Extremamente conservado e com revisão minuciosa!
Completo:
multimídia com conectividade;
Ar condicionado;
Direção elétrica;
Vidros elétricos.
Veículo com perícia cautelar aprovada;
Totalmente revisado;
Sem detalhes!
E muito mais! Entre em contato e confira!

Aceitamos seu carro na troca, com a melhor avaliação do mercado! Avaliação justa e com transparência.
Fazemos financiamento em até 60x! Com as melhores taxas do mercado.
Aceitamos pagamento com cartões de crédito!

Camões Multimarcas, onde você encontra as melhores opções de usados e seminovos, nosso objetivo é sempre oferecer as melhores ofertas, com qualidade e confiabilidade!

Todos os carros e motos são periciados e com garantia | Abs, Airbag, Ar-condicionado, Ar Quente, Câmbio Manual, Desembaçador Traseiro, Direção Elétrica, Retrovisor Elétrico, Trava Elétrica, Vidros Elétricos, Banco Reclinável, Calotas, Chave Cópia/reserva, Encosto De Cabeça Traseiro, Kit Multimídia, Manual Do Proprietário, Som, Volante Com Multifunção, | CARROS SEMINOVOS COM OS MELHORES PREÇOS DE SANTOS! - CAMÕES MULTIMARCAS
CAMÕES MULTIMARCAS
Avenida Conselheiro Nébias,474 Encruzilhada - Santos
(13)99159-3602","['Abs', 'Airbag', 'Ar-condicionado', 'Ar Quente', 'Câmbio Manual', 'Desembaçador Traseiro', 'Direção Elétrica', 'Retrovisor Elétrico', 'Trava Elétrica', 'Vidros Elétricos', 'Banco Reclinável', 'Calotas', 'Chave Cópia/reserva', 'Encosto De Cabeça Traseiro', 'Kit Multimídia', 'Manual Do Proprietário', 'Som', 'Volante Com Multifunção']"
2026-02-22 05:46:58,7480503,HYUNDAI HB20S COMFORT 1.0 TB FLEX 12V AUT.,HYUNDAI,COMFORT 1.0 TB FLEX 12V AUT.,"R$ 85.900,00",2024,44.615,AUTOMÁTICO,FLEX,PRATA,https://s3.carro57.com.br/FC/6561/7480503_17_M_118aae9e43.jpeg,https://camoesmultimarcas.com.br/carros/Hyundai/Hb20s/Comfort-10-Tb-Flex-12v-Aut/Hyundai-Hb20s-Comfort-10-Tb-Flex-12v-Aut-2024-Santos-Sao-Paulo-7480503.html,"['https://s3.carro57.com.br/FC/6561/7480503_17_W_118aae9e43.jpeg', 'https://s3.carro57.com.br/FC/6561/7480503_2_W_80e6e7ae35.jpeg', 'https://s3.carro57.com.br/FC/6561/7480503_0_W_b348bf7b1b.jpeg', 'https://s3.carro57.com.br/FC/6561/7480503_14_W_f7b208acd3.jpeg', 'https://s3.carro57.com.br/FC/6561/7480503_2_W_527b086ec5.jpeg', 'https://s3.carro57.com.br/FC/6561/7480503_2_W_c54c8d7c5e.jpeg', 'https://s3.carro57.com.br/FC/6561/7480503_2_W_f87da4a288.jpeg', 'https://s3.carro57.com.br/FC/6561/7480503_2_W_00db590cc2.jpeg', 'https://s3.carro57.com.br/FC/6561/7480503_0_W_78c5d04c0c.jpeg', 'https://s3.carro57.com.br/FC/6561/7480503_14_W_ac03065eb6.jpeg', 'https://s3.carro57.com.br/FC/6561/7480503_2_W_0cc6c8a7b8.jpeg', 'https://s3.carro57.com.br/FC/6561/7480503_2_W_759ff6fdbf.jpeg', 'https://s3.carro57.com.br/FC/6561/7480503_2_W_c16103a14e.jpeg', 'https://s3.carro57.com.br/FC/6561/7480503_1_W_ef590d9954.jpeg', 'https://s3.carro57.com.br/FC/6561/7480503_16_W_2e9e9ddf3d.jpeg', 'https://s3.carro57.com.br/FC/6561/7480503_2_W_52d93a1083.jpeg', 'https://s3.carro57.com.br/FC/6561/7480503_2_W_7c03a337ac.jpeg', 'https://s3.carro57.com.br/FC/6561/7480503_2_W_f1361aee12.jpeg']","Extremamente conservado e com revisão minuciosa!
Completo:
Multmídia com android auto e apple carplay;
Câmbio automático;
Ar condicionado;
Direção elétrica;
Vidros elétricos.
Veículo com perícia cautelar aprovada;
Totalmente revisado;
Sem detalhes!
E muito mais! Entre em contato e confira!

Aceitamos seu carro na troca, com a melhor avaliação do mercado! Avaliação justa e com transparência.
Fazemos financiamento em até 60x! Com as melhores taxas do mercado.
Aceitamos pagamento com cartões de crédito!

Camões Multimarcas, onde você encontra as melhores opções de usados e seminovos, nosso objetivo é sempre oferecer as melhores ofertas, com qualidade e confiabilidade!

Todos os carros e motos são periciados e com garantia | Abs, Airbag, Ar-condicionado, Ar Quente, Câmbio Automático, Desembaçador Traseiro, Direção Elétrica, Retrovisor Elétrico, Rodas De Liga Leve, Trava Elétrica, Vidros Elétricos, Banco Reclinável, Chave Cópia/reserva, Encosto De Cabeça Traseiro, Kit Multimídia, Manual Do Proprietário, Som, Volante Com Multifunção, | CARROS SEMINOVOS COM OS MELHORES PREÇOS DE SANTOS! - CAMÕES MULTIMARCAS
CAMÕES MULTIMARCAS
Avenida Conselheiro Nébias,474 Encruzilhada - Santos
(13)99159-3602","['Abs', 'Airbag', 'Ar-condicionado', 'Ar Quente', 'Câmbio Automático', 'Desembaçador Traseiro', 'Direção Elétrica', 'Retrovisor Elétrico', 'Rodas De Liga Leve', 'Trava Elétrica', 'Vidros Elétricos', 'Banco Reclinável', 'Chave Cópia/reserva', 'Encosto De Cabeça Traseiro', 'Kit Multimídia', 'Manual Do Proprietário', 'Som', 'Volante Com Multifunção']"
2026-02-22 05:47:00,7777407,RENAULT KWID ZEN 2,RENAULT,ZEN 2,"R$ 55.900,00",2024,54.587,MANUAL,FLEX,BRANCO,https://s3.carro57.com.br/FC/6561/7777407_11_M_a78ea17d8f.jpeg,https://camoesmultimarcas.com.br/carros/Renault/Kwid/Zen-2/Renault-Kwid-Zen-2-2024-Santos-Sao-Paulo-7777407.html,"['https://s3.carro57.com.br/FC/6561/7777407_11_W_a78ea17d8f.jpeg', 'https://s3.carro57.com.br/FC/6561/7777407_2_W_494d5004f7.jpeg', 'https://s3.carro57.com.br/FC/6561/7777407_5_W_654a9d1ee4.jpeg', 'https://s3.carro57.com.br/FC/6561/7777407_2_W_f9cc5e3d1e.jpeg', 'https://s3.carro57.com.br/FC/6561/7777407_5_W_7bbb223c6a.jpeg', 'https://s3.carro57.com.br/FC/6561/7777407_7_W_6531e2a1ec.jpeg', 'https://s3.carro57.com.br/FC/6561/7777407_9_W_e5732ed4aa.jpeg', 'https://s3.carro57.com.br/FC/6561/7777407_7_W_25196cef0d.jpeg', 'https://s3.carro57.com.br/FC/6561/7777407_2_W_f9824d22e1.jpeg', 'https://s3.carro57.com.br/FC/6561/7777407_1_W_54449f3ecb.jpeg', 'https://s3.carro57.com.br/FC/6561/7777407_0_W_9c1f81a19f.jpeg']","? RENAULT KWID ZEN 1.0 FLEX 2024 - MANUAL!

Compacto moderno, econômico e ideal para o dia a dia. Excelente custo-benefício e baixo consumo.

? Ano 2024
? Motor 1.0 Flex ? 71cv
? Câmbio manual
? Cor Branca
? 54.587 KM Quilometragem

? Opcionais:
- Ar-condicionado
- Direção elétrica
- Vidros elétricos dianteiros
- Travas elétricas
- Airbags
- Freios ABS
- Central multimídia
- Computador de bordo
- Controle de estabilidade

? Aceitamos seu carro na troca com avaliação justa!
? Financiamento em até 60x com as melhores taxas!
? Aceitamos cartão de crédito (consulte condições).

Aqui na Camões Multimarcas você compra com segurança, transparência e procedência garantida! | CARROS SEMINOVOS COM OS MELHORES PREÇOS DE SANTOS! - CAMÕES MULTIMARCAS
CAMÕES MULTIMARCAS
Avenida Conselheiro Nébias,474 Encruzilhada - Santos
(13)99159-3602",['Opcionais']
2026-02-22 05:47:02,7137160,VOLKSWAGEN SAVEIRO CS RB MF,VOLKSWAGEN,CS RB MF,"R$ 76.900,00",2024,37.694,MANUAL,FLEX,BRANCO,https://s3.carro57.com.br/FC/6561/7137160_14_M_fc6225ff10.jpeg,https://camoesmultimarcas.com.br/carros/Volkswagen/Saveiro/Cs-Rb-Mf/Volkswagen-Saveiro-Cs-Rb-Mf-2024-Santos-Sao-Paulo-7137160.html,"['https://s3.carro57.com.br/FC/6561/7137160_14_W_fc6225ff10.jpeg', 'https://s3.carro57.com.br/FC/6561/7137160_1_W_ea372971b5.jpeg', 'https://s3.carro57.com.br/FC/6561/7137160_0_W_d8e428774f.jpeg', 'https://s3.carro57.com.br/FC/6561/7137160_0_W_e7d1df7307.jpeg', 'https://s3.carro57.com.br/FC/6561/7137160_11_W_f59749635e.jpeg', 'https://s3.carro57.com.br/FC/6561/7137160_13_W_c35bea66bf.jpeg', 'https://s3.carro57.com.br/FC/6561/7137160_7_W_e31b069f74.jpeg', 'https://s3.carro57.com.br/FC/6561/7137160_2_W_7348226d55.jpeg', 'https://s3.carro57.com.br/FC/6561/7137160_0_W_e354e9fef9.jpeg', 'https://s3.carro57.com.br/FC/6561/7137160_0_W_d0794b3033.jpeg', 'https://s3.carro57.com.br/FC/6561/7137160_0_W_e6ab68c502.jpeg', 'https://s3.carro57.com.br/FC/6561/7137160_7_W_cd0d02b79e.jpeg', 'https://s3.carro57.com.br/FC/6561/7137160_11_W_819db953f9.jpeg', 'https://s3.carro57.com.br/FC/6561/7137160_7_W_fc6f950e0a.jpeg', 'https://s3.carro57.com.br/FC/6561/7137160_10_W_237d4bea37.jpeg']","Extremamente conservado e com revisão minuciosa!
Completo:
Ar condicionado;
Direção Hidráulica;
Vidros elétricos.
Veículo com perícia cautelar aprovada;
Totalmente revisado;
Sem detalhes!
E muito mais! Entre em contato e confira!

Aceitamos seu carro na troca, com a melhor avaliação do mercado! Avaliação justa e com transparência.
Fazemos financiamento em até 60x! Com as melhores taxas do mercado.
Aceitamos pagamento com cartões de crédito!

Camões Multimarcas, onde você encontra as melhores opções de usados e seminovos, nosso objetivo é sempre oferecer as melhores ofertas, com qualidade e confiabilidade!

Todos os carros e motos são periciados e com garantia | Abs, Airbag, Ar-condicionado, Ar Quente, Câmbio Manual, Direção Hidráulica, Trava Elétrica, Vidros Elétricos, Calotas, | CARROS SEMINOVOS COM OS MELHORES PREÇOS DE SANTOS! - CAMÕES MULTIMARCAS
CAMÕES MULTIMARCAS
Avenida Conselheiro Nébias,474 Encruzilhada - Santos
(13)99159-3602","['Abs', 'Airbag', 'Ar-condicionado', 'Ar Quente', 'Câmbio Manual', 'Direção Hidráulica', 'Trava Elétrica', 'Vidros Elétricos', 'Calotas']"
2026-02-22 05:47:03,6978039,CHEVROLET SILVERADO HC,CHEVROLET,HC,"R$ 499.900,00",2024,37.608,AUTOMÁTICO,GASOLINA,BRANCO,https://s3.carro57.com.br/FC/6561/6978039_19_M_7e058158fa.jpeg,https://camoesmultimarcas.com.br/carros/Chevrolet/Silverado/Hc/Chevrolet-Silverado-Hc-2024-Santos-Sao-Paulo-6978039.html,"['https://s3.carro57.com.br/FC/6561/6978039_19_W_7e058158fa.jpeg', 'https://s3.carro57.com.br/FC/6561/6978039_18_W_63a8cfb9ca.jpeg', 'https://s3.carro57.com.br/FC/6561/6978039_7_W_53756895b9.jpeg', 'https://s3.carro57.com.br/FC/6561/6978039_0_W_6f46a488c2.jpeg', 'https://s3.carro57.com.br/FC/6561/6978039_5_W_d17570ecae.jpeg', 'https://s3.carro57.com.br/FC/6561/6978039_9_W_e834984463.jpeg', 'https://s3.carro57.com.br/FC/6561/6978039_8_W_88dc1e8322.jpeg', 'https://s3.carro57.com.br/FC/6561/6978039_16_W_3649996422.jpeg', 'https://s3.carro57.com.br/FC/6561/6978039_0_W_7d572c87e4.jpeg', 'https://s3.carro57.com.br/FC/6561/6978039_0_W_89d21ec440.jpeg', 'https://s3.carro57.com.br/FC/6561/6978039_3_W_f3b5acd27b.jpeg', 'https://s3.carro57.com.br/FC/6561/6978039_3_W_93d9e7bf48.jpeg', 'https://s3.carro57.com.br/FC/6561/6978039_9_W_78c90bd07b.jpeg', 'https://s3.carro57.com.br/FC/6561/6978039_5_W_51be048f03.jpeg', 'https://s3.carro57.com.br/FC/6561/6978039_9_W_6b354343de.jpeg', 'https://s3.carro57.com.br/FC/6561/6978039_16_W_0cc92ed957.jpeg', 'https://s3.carro57.com.br/FC/6561/6978039_9_W_0e1d9676ab.jpeg', 'https://s3.carro57.com.br/FC/6561/6978039_15_W_e87bab8864.jpeg', 'https://s3.carro57.com.br/FC/6561/6978039_14_W_fd7144e8c2.jpeg', 'https://s3.carro57.com.br/FC/6561/6978039_16_W_b2ec7aa104.jpeg']","ÚNICO DONO, BLINDADO

Extremamente conservado e com revisão minuciosa!
Completo:
Teto solar;
Bancos em couro;
Ar condicionado;
Direção Hidráulica;
Vidros elétricos.
Veículo com perícia cautelar aprovada;
Totalmente revisado;
Sem detalhes!
E muito mais! Entre em contato e confira!

Aceitamos seu carro na troca, com a melhor avaliação do mercado! Avaliação justa e com transparência.
Fazemos financiamento em até 60x! Com as melhores taxas do mercado.
Aceitamos pagamento com cartões de crédito!

Camões Multimarcas, onde você encontra as melhores opções de usados e seminovos, nosso objetivo é sempre oferecer as melhores ofertas, com qualidade e confiabilidade!

Todos os carros e motos são periciados e com garantia | 4x4, Abs, Airbag, Alarme, Apoio De Braço, Ar-condicionado, Ar Quente, Assistente De Rampa, Bancos De Couro, Câmbio Automático, Desembaçador Traseiro, Direção Elétrica, Retrovisor Elétrico, Rodas De Liga Leve, Sensor De Estacionamento, Som Multimídia, Teto Solar, Trava Elétrica, Vidros Elétricos, Assistente De Permanência Em Faixa, Banco Elétrico, Banco Reclinável, Câmera De Ré, Carregador Wireless, Chave Cópia/reserva, Chave Presencial, Computador De Bordo, Console Central, Controle De Estabilidade, Controle De Tração, Descanso De Braço Central, Encosto De Cabeça Traseiro, Freio A Disco Nas 4 Rodas, Freio De Mão Eletrônico, Kit Multimídia, Manual Do Proprietário, Rádio Bluetooth, Sistema Stop/start, Som, Touch Screen, | CARROS SEMINOVOS COM OS MELHORES PREÇOS DE SANTOS! - CAMÕES MULTIMARCAS
CAMÕES MULTIMARCAS
Avenida Conselheiro Nébias,474 Encruzilhada - Santos
(13)99159-3602","['4x4', 'Abs', 'Airbag', 'Alarme', 'Apoio De Braço', 'Ar-condicionado', 'Ar Quente', 'Assistente De Rampa', 'Bancos De Couro', 'Câmbio Automático', 'Desembaçador Traseiro', 'Direção Elétrica', 'Retrovisor Elétrico', 'Rodas De Liga Leve', 'Sensor De Estacionamento', 'Som Multimídia', 'Teto Solar', 'Trava Elétrica', 'Vidros Elétricos', 'Assistente De Permanência Em Faixa', 'Banco Elétrico', 'Banco Reclinável', 'Câmera De Ré', 'Carregador Wireless', 'Chave Cópia/reserva', 'Chave Presencial', 'Computador De Bordo', 'Console Central', 'Controle De Estabilidade', 'Controle De Tração', 'Descanso De Braço Central', 'Encosto De Cabeça Traseiro', 'Freio A Disco Nas 4 Rodas', 'Freio De Mão Eletrônico', 'Kit Multimídia', 'Manual Do Proprietário', 'Rádio Bluetooth', 'Sistema Stop/start', 'Som', 'Touch Screen']"
2026-02-22 05:47:05,6861249,FIAT STRADA ENDURANCE 1.3 Flex 8V CS,FIAT,ENDURANCE 1.3 Flex 8V CS,"R$ 81.900,00",2024,37.493,MANUAL,FLEX,PRETO,https://s3.carro57.com.br/FC/6561/6861249_4_M_f857eaa52e.jpeg,https://camoesmultimarcas.com.br/carros/Fiat/Strada/Endurance-13-Flex-8v-Cs/Fiat-Strada-Endurance-13-Flex-8v-Cs-2024-Santos-Sao-Paulo-6861249.html,"['https://s3.carro57.com.br/FC/6561/6861249_4_W_f857eaa52e.jpeg', 'https://s3.carro57.com.br/FC/6561/6861249_4_W_3f37ce0a60.jpeg', 'https://s3.carro57.com.br/FC/6561/6861249_1_W_8c87ef9201.jpeg', 'https://s3.carro57.com.br/FC/6561/6861249_5_W_5cdf9b9a68.jpeg', 'https://s3.carro57.com.br/FC/6561/6861249_4_W_23ee43b4a7.jpeg', 'https://s3.carro57.com.br/FC/6561/6861249_5_W_f55fc4e6f8.jpeg', 'https://s3.carro57.com.br/FC/6561/6861249_4_W_5793e6952a.jpeg', 'https://s3.carro57.com.br/FC/6561/6861249_0_W_b4a1b8049c.jpeg', 'https://s3.carro57.com.br/FC/6561/6861249_1_W_380985b217.jpeg', 'https://s3.carro57.com.br/FC/6561/6861249_4_W_22395b4dfb.jpeg', 'https://s3.carro57.com.br/FC/6561/6861249_4_W_370d34a13c.jpeg', 'https://s3.carro57.com.br/FC/6561/6861249_3_W_15a5836aaa.jpeg', 'https://s3.carro57.com.br/FC/6561/6861249_5_W_8f590ac751.jpeg']","Extremamente conservado e com revisão minuciosa!
Completo:
Ar condicionado;
Direção Hidráulica;
Vidros elétricos.
Veículo com perícia cautelar aprovada;
Totalmente revisado;
Sem detalhes!
E muito mais! Entre em contato e confira!

Aceitamos seu carro na troca, com a melhor avaliação do mercado! Avaliação justa e com transparência.
Fazemos financiamento em até 60x! Com as melhores taxas do mercado.
Aceitamos pagamento com cartões de crédito!

Camões Multimarcas, onde você encontra as melhores opções de usados e seminovos, nosso objetivo é sempre oferecer as melhores ofertas, com qualidade e confiabilidade!

Todos os carros e motos são periciados e com garantia | Abs, Airbag, Alarme, Ar-condicionado, Ar Quente, Câmbio Manual, Direção Hidráulica, Trava Elétrica, Vidros Elétricos, Chave Cópia/reserva, Encosto De Cabeça Traseiro, Manual Do Proprietário, | CARROS SEMINOVOS COM OS MELHORES PREÇOS DE SANTOS! - CAMÕES MULTIMARCAS
CAMÕES MULTIMARCAS
Avenida Conselheiro Nébias,474 Encruzilhada - Santos
(13)99159-3602","['Abs', 'Airbag', 'Alarme', 'Ar-condicionado', 'Ar Quente', 'Câmbio Manual', 'Direção Hidráulica', 'Trava Elétrica', 'Vidros Elétricos', 'Chave Cópia/reserva', 'Encosto De Cabeça Traseiro', 'Manual Do Proprietário']"
2026-02-22 05:47:06,7396853,VOLKSWAGEN SAVEIRO CS RB MF,VOLKSWAGEN,CS RB MF,"R$ 76.900,00",2024,28.170,MANUAL,FLEX,BRANCO,https://s3.carro57.com.br/FC/6561/7396853_15_M_c95b793c8b.jpeg,https://camoesmultimarcas.com.br/carros/Volkswagen/Saveiro/Cs-Rb-Mf/Volkswagen-Saveiro-Cs-Rb-Mf-2024-Santos-Sao-Paulo-7396853.html,"['https://s3.carro57.com.br/FC/6561/7396853_15_W_c95b793c8b.jpeg', 'https://s3.carro57.com.br/FC/6561/7396853_6_W_7fc96b9968.jpeg', 'https://s3.carro57.com.br/FC/6561/7396853_5_W_c6061e717e.jpeg', 'https://s3.carro57.com.br/FC/6561/7396853_6_W_2a7a4c55df.jpeg', 'https://s3.carro57.com.br/FC/6561/7396853_0_W_0d546d3916.jpeg', 'https://s3.carro57.com.br/FC/6561/7396853_0_W_1ba718ff0e.jpeg', 'https://s3.carro57.com.br/FC/6561/7396853_0_W_1ac89dc2e5.jpeg', 'https://s3.carro57.com.br/FC/6561/7396853_5_W_7f4dfc8cf3.jpeg', 'https://s3.carro57.com.br/FC/6561/7396853_5_W_a491106a00.jpeg', 'https://s3.carro57.com.br/FC/6561/7396853_6_W_0d16b0acde.jpeg', 'https://s3.carro57.com.br/FC/6561/7396853_4_W_bf8a42df04.jpeg', 'https://s3.carro57.com.br/FC/6561/7396853_4_W_e51c11c2c1.jpeg', 'https://s3.carro57.com.br/FC/6561/7396853_6_W_4e4b0210d1.jpeg', 'https://s3.carro57.com.br/FC/6561/7396853_6_W_ea03a22fd0.jpeg', 'https://s3.carro57.com.br/FC/6561/7396853_0_W_29dd1addc5.jpeg', 'https://s3.carro57.com.br/FC/6561/7396853_6_W_6205b88884.jpeg']","Extremamente conservado e com revisão minuciosa!
Completo:
Ar condicionado;
Direção Hidráulica;
Vidros elétricos.
Veículo com perícia cautelar aprovada;
Totalmente revisado;
Sem detalhes!
E muito mais! Entre em contato e confira!

Aceitamos seu carro na troca, com a melhor avaliação do mercado! Avaliação justa e com transparência.
Fazemos financiamento em até 60x! Com as melhores taxas do mercado.
Aceitamos pagamento com cartões de crédito!

Camões Multimarcas, onde você encontra as melhores opções de usados e seminovos, nosso objetivo é sempre oferecer as melhores ofertas, com qualidade e confiabilidade!

Todos os carros e motos são periciados e com garantia | Abs, Airbag, Ar-condicionado, Ar Quente, Câmbio Manual, Direção Hidráulica, Trava Elétrica, Vidros Elétricos, Chave Cópia/reserva, Manual Do Proprietário, Som, | CARROS SEMINOVOS COM OS MELHORES PREÇOS DE SANTOS! - CAMÕES MULTIMARCAS
CAMÕES MULTIMARCAS
Avenida Conselheiro Nébias,474 Encruzilhada - Santos
(13)99159-3602","['Abs', 'Airbag', 'Ar-condicionado', 'Ar Quente', 'Câmbio Manual', 'Direção Hidráulica', 'Trava Elétrica', 'Vidros Elétricos', 'Chave Cópia/reserva', 'Manual Do Proprietário', 'Som']"
2026-02-22 05:47:08,7305225,PEUGEOT PARTRAPID BUSIPK,PEUGEOT,BUSIPK,"R$ 76.900,00",2023,38.903,MANUAL,FLEX,BRANCO,https://s3.carro57.com.br/FC/6561/7305225_16_M_a7866452da.jpeg,https://camoesmultimarcas.com.br/carros/Peugeot/Partrapid/Busipk/Peugeot-Partrapid-Busipk-2023-Santos-Sao-Paulo-7305225.html,"['https://s3.carro57.com.br/FC/6561/7305225_16_W_a7866452da.jpeg', 'https://s3.carro57.com.br/FC/6561/7305225_1_W_ba08b88257.jpeg', 'https://s3.carro57.com.br/FC/6561/7305225_1_W_041a6f77e9.jpeg', 'https://s3.carro57.com.br/FC/6561/7305225_1_W_601599dd18.jpeg', 'https://s3.carro57.com.br/FC/6561/7305225_0_W_785d2d74fc.jpeg', 'https://s3.carro57.com.br/FC/6561/7305225_5_W_4fc81e5f49.jpeg', 'https://s3.carro57.com.br/FC/6561/7305225_5_W_4fdc5d8ca0.jpeg', 'https://s3.carro57.com.br/FC/6561/7305225_5_W_4a31db52de.jpeg', 'https://s3.carro57.com.br/FC/6561/7305225_5_W_fb2bccdb87.jpeg', 'https://s3.carro57.com.br/FC/6561/7305225_0_W_aa57d531b5.jpeg', 'https://s3.carro57.com.br/FC/6561/7305225_15_W_ff84a8afcd.jpeg', 'https://s3.carro57.com.br/FC/6561/7305225_5_W_bef2bd29a7.jpeg', 'https://s3.carro57.com.br/FC/6561/7305225_5_W_0e9f10da28.jpeg', 'https://s3.carro57.com.br/FC/6561/7305225_5_W_a0a1a2ea12.jpeg', 'https://s3.carro57.com.br/FC/6561/7305225_5_W_baf5a6f5e8.jpeg', 'https://s3.carro57.com.br/FC/6561/7305225_5_W_df61e7aa1c.jpeg', 'https://s3.carro57.com.br/FC/6561/7305225_5_W_6b9f23c98d.jpeg']","Extremamente conservado e com revisão minuciosa!
Completo:
Ar condicionado;
Direção Hidráulica;
Vidros elétricos.
Veículo com perícia cautelar aprovada;
Totalmente revisado;
Sem detalhes!
E muito mais! Entre em contato e confira!

Aceitamos seu carro na troca, com a melhor avaliação do mercado! Avaliação justa e com transparência.
Fazemos financiamento em até 60x! Com as melhores taxas do mercado.
Aceitamos pagamento com cartões de crédito!

Camões Multimarcas, onde você encontra as melhores opções de usados e seminovos, nosso objetivo é sempre oferecer as melhores ofertas, com qualidade e confiabilidade!

Todos os carros e motos são periciados e com garantia | Abs, Airbag, Ar-condicionado, Ar Quente, Câmbio Manual, Direção Hidráulica, Trava Elétrica, Vidros Elétricos, Chave Cópia/reserva, Manual Do Proprietário, | CARROS SEMINOVOS COM OS MELHORES PREÇOS DE SANTOS! - CAMÕES MULTIMARCAS
CAMÕES MULTIMARCAS
Avenida Conselheiro Nébias,474 Encruzilhada - Santos
(13)99159-3602","['Abs', 'Airbag', 'Ar-condicionado', 'Ar Quente', 'Câmbio Manual', 'Direção Hidráulica', 'Trava Elétrica', 'Vidros Elétricos', 'Chave Cópia/reserva', 'Manual Do Proprietário']"
2026-02-22 05:47:09,7194234,RENAULT OROCH PRO 16,RENAULT,PRO 16,"R$ 89.900,00",2023,46.126,MANUAL,FLEX,BRANCO,https://s3.carro57.com.br/FC/6561/7194234_1_M_32c426994a.jpeg,https://camoesmultimarcas.com.br/carros/Renault/Oroch/Pro-16/Renault-Oroch-Pro-16-2023-Santos-Sao-Paulo-7194234.html,"['https://s3.carro57.com.br/FC/6561/7194234_1_W_32c426994a.jpeg', 'https://s3.carro57.com.br/FC/6561/7194234_1_W_2fa6100170.jpeg', 'https://s3.carro57.com.br/FC/6561/7194234_1_W_7cb10a7132.jpeg', 'https://s3.carro57.com.br/FC/6561/7194234_3_W_35eefec21f.jpeg', 'https://s3.carro57.com.br/FC/6561/7194234_8_W_b9e660b953.jpeg', 'https://s3.carro57.com.br/FC/6561/7194234_11_W_7da8d5b81c.jpeg', 'https://s3.carro57.com.br/FC/6561/7194234_3_W_7cb8b48151.jpeg', 'https://s3.carro57.com.br/FC/6561/7194234_2_W_7fcec07430.jpeg', 'https://s3.carro57.com.br/FC/6561/7194234_3_W_cdb78c2f4d.jpeg', 'https://s3.carro57.com.br/FC/6561/7194234_0_W_16c990a1ea.jpeg', 'https://s3.carro57.com.br/FC/6561/7194234_8_W_459797809e.jpeg', 'https://s3.carro57.com.br/FC/6561/7194234_10_W_689f3ee068.jpeg']","Extremamente conservado e com revisão minuciosa!
Completo:
Ar condicionado;
Direção Hidráulica;
Vidros elétricos.
Veículo com perícia cautelar aprovada;
Totalmente revisado;
Sem detalhes!
E muito mais! Entre em contato e confira!

Aceitamos seu carro na troca, com a melhor avaliação do mercado! Avaliação justa e com transparência.
Fazemos financiamento em até 60x! Com as melhores taxas do mercado.
Aceitamos pagamento com cartões de crédito!

Camões Multimarcas, onde você encontra as melhores opções de usados e seminovos, nosso objetivo é sempre oferecer as melhores ofertas, com qualidade e confiabilidade!

Todos os carros e motos são periciados e com garantia | Abs, Airbag, Ar-condicionado, Ar Quente, Câmbio Manual, Direção Hidráulica, Trava Elétrica, Vidros Elétricos, Banco Reclinável, Chave Cópia/reserva, Encosto De Cabeça Traseiro, Manual Do Proprietário, | CARROS SEMINOVOS COM OS MELHORES PREÇOS DE SANTOS! - CAMÕES MULTIMARCAS
CAMÕES MULTIMARCAS
Avenida Conselheiro Nébias,474 Encruzilhada - Santos
(13)99159-3602","['Abs', 'Airbag', 'Ar-condicionado', 'Ar Quente', 'Câmbio Manual', 'Direção Hidráulica', 'Trava Elétrica', 'Vidros Elétricos', 'Banco Reclinável', 'Chave Cópia/reserva', 'Encosto De Cabeça Traseiro', 'Manual Do Proprietário']"
2026-02-22 05:47:10,7700808,FIAT STRADA ENDURANCE CABINE SIMPLES,FIAT,ENDURANCE CABINE SIMPLES,"R$ 72.900,00",2022,55.859,MANUAL,FLEX,PRATA,https://s3.carro57.com.br/FC/6561/7700808_2_M_0044ff7a7e.jpeg,https://camoesmultimarcas.com.br/carros/Fiat/Strada/Endurance-Cabine-Simples/Fiat-Strada-Endurance-Cabine-Simples-2022-Santos-Sao-Paulo-7700808.html,"['https://s3.carro57.com.br/FC/6561/7700808_2_W_0044ff7a7e.jpeg', 'https://s3.carro57.com.br/FC/6561/7700808_0_W_85382f3100.jpeg', 'https://s3.carro57.com.br/FC/6561/7700808_0_W_6077b9707b.jpeg', 'https://s3.carro57.com.br/FC/6561/7700808_0_W_7e6b3d263e.jpeg', 'https://s3.carro57.com.br/FC/6561/7700808_0_W_126c21bdbc.jpeg', 'https://s3.carro57.com.br/FC/6561/7700808_0_W_aed4285e53.jpeg', 'https://s3.carro57.com.br/FC/6561/7700808_2_W_3a14a9d1f9.jpeg', 'https://s3.carro57.com.br/FC/6561/7700808_1_W_8ccb17600f.jpeg', 'https://s3.carro57.com.br/FC/6561/7700808_0_W_6a21099d83.jpeg', 'https://s3.carro57.com.br/FC/6561/7700808_2_W_b809f0bca4.jpeg', 'https://s3.carro57.com.br/FC/6561/7700808_2_W_197d5adc08.jpeg', 'https://s3.carro57.com.br/FC/6561/7700808_0_W_54946af3ec.jpeg', 'https://s3.carro57.com.br/FC/6561/7700808_0_W_880309d956.jpeg']","Extremamente conservado e com revisão minuciosa!
Completo:
ABS e Airbag;
Ar condicionado;
Direção Hidráulica;
Vidros elétricos.
Veículo com perícia cautelar aprovada;
Totalmente revisado;
Sem detalhes!
E muito mais! Entre em contato e confira!

Aceitamos seu carro na troca, com a melhor avaliação do mercado! Avaliação justa e com transparência.
Fazemos financiamento em até 60x! Com as melhores taxas do mercado.
Aceitamos pagamento com cartões de crédito!

Camões Multimarcas, onde você encontra as melhores opções de usados e seminovos, nosso objetivo é sempre oferecer as melhores ofertas, com qualidade e confiabilidade!

Todos os carros e motos são periciados e com garantia | Abs, Airbag, Ar-condicionado, Ar Quente, Câmbio Manual, Direção Hidráulica, Trava Elétrica, Vidros Elétricos, Banco Reclinável, Calotas, Chave Cópia/reserva, Manual Do Proprietário, Som, | CARROS SEMINOVOS COM OS MELHORES PREÇOS DE SANTOS! - CAMÕES MULTIMARCAS
CAMÕES MULTIMARCAS
Avenida Conselheiro Nébias,474 Encruzilhada - Santos
(13)99159-3602","['Abs', 'Airbag', 'Ar-condicionado', 'Ar Quente', 'Câmbio Manual', 'Direção Hidráulica', 'Trava Elétrica', 'Vidros Elétricos', 'Banco Reclinável', 'Calotas', 'Chave Cópia/reserva', 'Manual Do Proprietário', 'Som']"
2026-02-22 05:47:11,7810378,HONDA PCX 150,HONDA,150,"R$ 17.900,00",2022,32.000,SEMI-AUTOMÁTICO,GASOLINA,AZUL,https://s3.carro57.com.br/FC/6561/7810378_8_M_46eafcfb6b.jpeg,https://camoesmultimarcas.com.br/motos/Honda/Pcx/150/Honda-Pcx-150-2022-Santos-Sao-Paulo-7810378.html,"['https://s3.carro57.com.br/FC/6561/7810378_8_W_46eafcfb6b.jpeg', 'https://s3.carro57.com.br/FC/6561/7810378_6_W_f6afd12225.jpeg', 'https://s3.carro57.com.br/FC/6561/7810378_1_W_d984c377bf.jpeg', 'https://s3.carro57.com.br/FC/6561/7810378_3_W_91936f6ee1.jpeg', 'https://s3.carro57.com.br/FC/6561/7810378_1_W_3e0494266d.jpeg', 'https://s3.carro57.com.br/FC/6561/7810378_3_W_db3fe26858.jpeg', 'https://s3.carro57.com.br/FC/6561/7810378_5_W_7964c71ab7.jpeg', 'https://s3.carro57.com.br/FC/6561/7810378_6_W_a6ee123050.jpeg', 'https://s3.carro57.com.br/FC/6561/7810378_0_W_b5e9971bdb.jpeg']","? HONDA PCX 150 2022 ? AZUL ? COMPLETA!

Scooter moderna, econômica e confortável. Ideal para mobilidade urbana com praticidade e baixo consumo.

? Ano 2022
? Motor 150cc
? Gasolina
? 32.000 KM Quilometragem

? Opcionais e diferenciais:
- Sistema Start/Stop
- Freios ABS
- Painel digital
- Iluminação em LED
- Partida elétrica

? Aceitamos seu carro na troca com avaliação justa!
? Financiamento em até 60x com as melhores taxas!
? Aceitamos cartão de crédito (consulte condições).

Aqui na Camões Multimarcas você compra com segurança, transparência e procedência garantida! | CARROS SEMINOVOS COM OS MELHORES PREÇOS DE SANTOS! - CAMÕES MULTIMARCAS
CAMÕES MULTIMARCAS
Avenida Conselheiro Nébias,474 Encruzilhada - Santos
(13)99159-3602",['Opcionais']
2026-02-22 05:47:13,7781227,VOLKSWAGEN FOX XTREME 1.6,VOLKSWAGEN,XTREME 1.6,"R$ 65.900,00",2020,72.300,MANUAL,FLEX,BRANCO,https://s3.carro57.com.br/FC/6561/7781227_10_M_e4742cbd5d.jpeg,https://camoesmultimarcas.com.br/carros/Volkswagen/Fox/Xtreme-16/Volkswagen-Fox-Xtreme-16-2020-Santos-Sao-Paulo-7781227.html,"['https://s3.carro57.com.br/FC/6561/7781227_10_W_e4742cbd5d.jpeg', 'https://s3.carro57.com.br/FC/6561/7781227_8_W_4f2402dc0c.jpeg', 'https://s3.carro57.com.br/FC/6561/7781227_4_W_26a2e9511f.jpeg', 'https://s3.carro57.com.br/FC/6561/7781227_4_W_98eec70fd0.jpeg', 'https://s3.carro57.com.br/FC/6561/7781227_1_W_f0d502a136.jpeg', 'https://s3.carro57.com.br/FC/6561/7781227_4_W_8cd1ec1c8c.jpeg', 'https://s3.carro57.com.br/FC/6561/7781227_7_W_344b941749.jpeg', 'https://s3.carro57.com.br/FC/6561/7781227_7_W_426fcb30d6.jpeg', 'https://s3.carro57.com.br/FC/6561/7781227_0_W_d86756577f.jpeg', 'https://s3.carro57.com.br/FC/6561/7781227_0_W_908645275b.jpeg', 'https://s3.carro57.com.br/FC/6561/7781227_0_W_1676388841.jpeg']","? VW FOX XTREME 1.6 FLEX 2020 ? BRANCO ? COMPLETO!

Versão Xtreme, moderna e com ótimo desempenho. Ideal para quem busca economia, conforto e visual esportivo.

? Ano 2020
? Motor 1.6 Flex ? 104cv
? Câmbio manual

? Opcionais:
- Ar-condicionado
- Direção elétrica
- Vidros elétricos
- Travas elétricas
- Airbags
- Freios ABS
- Central multimídia
- Rodas de liga leve
- Computador de bordo

? Aceitamos seu carro na troca com avaliação justa!
? Financiamento em até 60x com as melhores taxas!
? Aceitamos cartão de crédito (consulte condições).

Aqui na Camões Multimarcas você compra com segurança, transparência e procedência garantida! | CARROS SEMINOVOS COM OS MELHORES PREÇOS DE SANTOS! - CAMÕES MULTIMARCAS
CAMÕES MULTIMARCAS
Avenida Conselheiro Nébias,474 Encruzilhada - Santos
(13)99159-3602",['Opcionais']
2026-02-22 05:47:14,7787464,VOLKSWAGEN NOVA SAVEIRO RB MBVS,VOLKSWAGEN,SAVEIRO RB MBVS,"R$ 49.900,00",2018,109.993,MANUAL,FLEX,BRANCO,https://s3.carro57.com.br/FC/6561/7787464_8_M_7bb5f9965b.jpeg,https://camoesmultimarcas.com.br/carros/Volkswagen/Nova/Saveiro-Rb-Mbvs/Volkswagen-Nova-Saveiro-Rb-Mbvs-2018-Santos-Sao-Paulo-7787464.html,"['https://s3.carro57.com.br/FC/6561/7787464_8_W_7bb5f9965b.jpeg', 'https://s3.carro57.com.br/FC/6561/7787464_3_W_039007cfdc.jpeg', 'https://s3.carro57.com.br/FC/6561/7787464_3_W_bedf1bf793.jpeg', 'https://s3.carro57.com.br/FC/6561/7787464_1_W_62cbc1b031.jpeg', 'https://s3.carro57.com.br/FC/6561/7787464_1_W_4468d12d70.jpeg', 'https://s3.carro57.com.br/FC/6561/7787464_0_W_ba434da61f.jpeg', 'https://s3.carro57.com.br/FC/6561/7787464_3_W_58406bd23e.jpeg', 'https://s3.carro57.com.br/FC/6561/7787464_3_W_cae36be798.jpeg', 'https://s3.carro57.com.br/FC/6561/7787464_3_W_5d4a27dea9.jpeg']","? VW NOVA SAVEIRO 1.6 FLEX 2018 ? BRANCA
? IPVA 2026 TOTALMENTE GRÁTIS! ?

Excelente opção para quem busca força, economia e versatilidade para trabalho ou uso diário.

? Ano 2018
? Motor 1.6 Flex ? 104cv
? Câmbio manual
? Direção hidráulica

? Praticidade para o dia a dia
? Documentação em dia
? Pronto para transferência

? Aceitamos seu carro na troca com avaliação justa!
? Financiamento em até 60x com as melhores taxas!
? Aceitamos cartão de crédito (consulte condições).

Aqui na Camões Multimarcas você compra com segurança, transparência e procedência garantida! | CARROS SEMINOVOS COM OS MELHORES PREÇOS DE SANTOS! - CAMÕES MULTIMARCAS
CAMÕES MULTIMARCAS
Avenida Conselheiro Nébias,474 Encruzilhada - Santos
(13)99159-3602",['Opcionais']
2026-02-22 05:47:15,7302743,VOLKSWAGEN JETTA HL AE,VOLKSWAGEN,HL AE,"R$ 93.900,00",2017,129.454,AUTOMÁTICO,GASOLINA,PRETO,https://s3.carro57.com.br/FC/6561/7302743_14_M_8b08a68393.jpeg,https://camoesmultimarcas.com.br/carros/Volkswagen/Jetta/Hl-Ae/Volkswagen-Jetta-Hl-Ae-2017-Santos-Sao-Paulo-7302743.html,"['https://s3.carro57.com.br/FC/6561/7302743_14_W_8b08a68393.jpeg', 'https://s3.carro57.com.br/FC/6561/7302743_8_W_5572535ee1.jpeg', 'https://s3.carro57.com.br/FC/6561/7302743_8_W_2015c123cc.jpeg', 'https://s3.carro57.com.br/FC/6561/7302743_0_W_8601b64983.jpeg', 'https://s3.carro57.com.br/FC/6561/7302743_3_W_f6a24f233e.jpeg', 'https://s3.carro57.com.br/FC/6561/7302743_6_W_c91aeb421c.jpeg', 'https://s3.carro57.com.br/FC/6561/7302743_6_W_2d94ca5cf7.jpeg', 'https://s3.carro57.com.br/FC/6561/7302743_8_W_192b6ec37e.jpeg', 'https://s3.carro57.com.br/FC/6561/7302743_3_W_81d0dd31a9.jpeg', 'https://s3.carro57.com.br/FC/6561/7302743_0_W_23cd768742.jpeg', 'https://s3.carro57.com.br/FC/6561/7302743_1_W_f10752c26a.jpeg', 'https://s3.carro57.com.br/FC/6561/7302743_8_W_53ecfbe04c.jpeg', 'https://s3.carro57.com.br/FC/6561/7302743_13_W_5422616d48.jpeg', 'https://s3.carro57.com.br/FC/6561/7302743_8_W_2439f28d43.jpeg', 'https://s3.carro57.com.br/FC/6561/7302743_2_W_055cdc3e4d.jpeg']","BLINDADO

Extremamente conservado e com revisão minuciosa!
Completo:
Bancos em couro;
Automático;
Ar condicionado;
Direção Hidráulica;
Vidros elétricos.
Veículo com perícia cautelar aprovada;
Totalmente revisado;
Sem detalhes!
E muito mais! Entre em contato e confira!

Aceitamos seu carro na troca, com a melhor avaliação do mercado! Avaliação justa e com transparência.
Fazemos financiamento em até 60x! Com as melhores taxas do mercado.
Aceitamos pagamento com cartões de crédito!

Camões Multimarcas, onde você encontra as melhores opções de usados e seminovos, nosso objetivo é sempre oferecer as melhores ofertas, com qualidade e confiabilidade!

Todos os carros e motos são periciados e com garantia | Abs, Airbag, Apoio De Braço, Ar-condicionado, Ar Quente, Bancos De Couro, Câmbio Automático, Direção Hidráulica, Rodas De Liga Leve, Trava Elétrica, Vidros Elétricos, Banco Elétrico, Banco Reclinável, Chave Presencial, Encosto De Cabeça Traseiro, Som, Volante Com Multifunção, | CARROS SEMINOVOS COM OS MELHORES PREÇOS DE SANTOS! - CAMÕES MULTIMARCAS
CAMÕES MULTIMARCAS
Avenida Conselheiro Nébias,474 Encruzilhada - Santos
(13)99159-3602","['Abs', 'Airbag', 'Apoio De Braço', 'Ar-condicionado', 'Ar Quente', 'Bancos De Couro', 'Câmbio Automático', 'Direção Hidráulica', 'Rodas De Liga Leve', 'Trava Elétrica', 'Vidros Elétricos', 'Banco Elétrico', 'Banco Reclinável', 'Chave Presencial', 'Encosto De Cabeça Traseiro', 'Som', 'Volante Com Multifunção']"
2026-02-22 05:47:17,7693006,HONDA CIVIC LXR,HONDA,LXR,"R$ 81.900,00",2016,110.002,AUTOMÁTICO,FLEX,BRANCO,https://s3.carro57.com.br/FC/6561/7693006_7_M_34d490e627.jpeg,https://camoesmultimarcas.com.br/carros/Honda/Civic/Lxr/Honda-Civic-Lxr-2016-Santos-Sao-Paulo-7693006.html,"['https://s3.carro57.com.br/FC/6561/7693006_7_W_34d490e627.jpeg', 'https://s3.carro57.com.br/FC/6561/7693006_7_W_7710c7789f.jpeg', 'https://s3.carro57.com.br/FC/6561/7693006_7_W_0438bb3f01.jpeg', 'https://s3.carro57.com.br/FC/6561/7693006_0_W_8236d9b63f.jpeg', 'https://s3.carro57.com.br/FC/6561/7693006_0_W_d036b9e049.jpeg', 'https://s3.carro57.com.br/FC/6561/7693006_0_W_abc350a712.jpeg', 'https://s3.carro57.com.br/FC/6561/7693006_7_W_eccbb7d316.jpeg', 'https://s3.carro57.com.br/FC/6561/7693006_7_W_bb884408e7.jpeg', 'https://s3.carro57.com.br/FC/6561/7693006_0_W_c05eea0f75.jpeg', 'https://s3.carro57.com.br/FC/6561/7693006_0_W_7a51576c6a.jpeg', 'https://s3.carro57.com.br/FC/6561/7693006_7_W_52e14ed701.jpeg', 'https://s3.carro57.com.br/FC/6561/7693006_7_W_f28374521d.jpeg', 'https://s3.carro57.com.br/FC/6561/7693006_7_W_ea8b688e4e.jpeg', 'https://s3.carro57.com.br/FC/6561/7693006_7_W_25e6c0e90c.jpeg', 'https://s3.carro57.com.br/FC/6561/7693006_7_W_29eb85225b.jpeg', 'https://s3.carro57.com.br/FC/6561/7693006_0_W_107a32d6aa.jpeg', 'https://s3.carro57.com.br/FC/6561/7693006_0_W_3ba934f8cb.jpeg']","Extremamente conservado e com revisão minuciosa!
Completo:
ABS e Airbag;
Câmbio automático;
Bancos em couro;
Retrovisor elétrico;
Volante multifuncional;
Ar condicionado digital;
Direção elétrica;
Vidros elétricos nas 4 portas.
Veículo com perícia cautelar aprovada;
Totalmente revisado;
Sem detalhes!
E muito mais! Entre em contato e confira!

Aceitamos seu carro na troca, com a melhor avaliação do mercado! Avaliação justa e com transparência.
Fazemos financiamento em até 60x! Com as melhores taxas do mercado.
Aceitamos pagamento com cartões de crédito!

Camões Multimarcas, onde você encontra as melhores opções de usados e seminovos, nosso objetivo é sempre oferecer as melhores ofertas, com qualidade e confiabilidade!

Todos os carros e motos são periciados e com garantia | Abs, Airbag, Alarme, Ar-condicionado, Ar Quente, Bancos De Couro, Câmbio Automático, Desembaçador Traseiro, Direção Elétrica, Direção Hidráulica, Retrovisor Elétrico, Rodas De Liga Leve, Trava Elétrica, Vidros Elétricos, Ar-condicionado Digital, Banco Reclinável, Chave Cópia/reserva, Descanso De Braço Central, Encosto De Cabeça Traseiro, Manual Do Proprietário, Som, Volante Com Multifunção, | CARROS SEMINOVOS COM OS MELHORES PREÇOS DE SANTOS! - CAMÕES MULTIMARCAS
CAMÕES MULTIMARCAS
Avenida Conselheiro Nébias,474 Encruzilhada - Santos
(13)99159-3602","['Abs', 'Airbag', 'Alarme', 'Ar-condicionado', 'Ar Quente', 'Bancos De Couro', 'Câmbio Automático', 'Desembaçador Traseiro', 'Direção Elétrica', 'Direção Hidráulica', 'Retrovisor Elétrico', 'Rodas De Liga Leve', 'Trava Elétrica', 'Vidros Elétricos', 'Ar-condicionado Digital', 'Banco Reclinável', 'Chave Cópia/reserva', 'Descanso De Braço Central', 'Encosto De Cabeça Traseiro', 'Manual Do Proprietário', 'Som', 'Volante Com Multifunção']"
2026-02-22 05:47:18,7023387,LAND ROVER DISCOVERY SPORT 2.0 16V S14 TURBO GASOLINA SE 4P AUTOMÁTICO,LAND,DISCOVERY SPORT 2.0 16V S14 TURBO GASOLINA SE 4P AUTOMÁTICO,"R$ 86.900,00",2015,132.555,AUTOMÁTICO,GASOLINA,CINZA,https://s3.carro57.com.br/FC/6561/7023387_18_M_b94e3e9ccf.jpeg,https://camoesmultimarcas.com.br/carros/Land-Rover/Discovery/Sport-20-16v-S14-Turbo-Gasolina-Se-4p-Automatico/Land-Rover-Discovery-Sport-20-16v-S14-Turbo-Gasolina-Se-4p-Automatico-2015-Santos-Sao-Paulo-7023387.html,"['https://s3.carro57.com.br/FC/6561/7023387_18_W_b94e3e9ccf.jpeg', 'https://s3.carro57.com.br/FC/6561/7023387_0_W_06f7bfc689.jpeg', 'https://s3.carro57.com.br/FC/6561/7023387_17_W_bb45809a5c.jpeg', 'https://s3.carro57.com.br/FC/6561/7023387_15_W_664637b2d8.jpeg', 'https://s3.carro57.com.br/FC/6561/7023387_13_W_f508b89573.jpeg', 'https://s3.carro57.com.br/FC/6561/7023387_8_W_8599987264.jpeg', 'https://s3.carro57.com.br/FC/6561/7023387_1_W_79abb45f72.jpeg', 'https://s3.carro57.com.br/FC/6561/7023387_0_W_dae2f4a302.jpeg', 'https://s3.carro57.com.br/FC/6561/7023387_0_W_62242481f8.jpeg', 'https://s3.carro57.com.br/FC/6561/7023387_5_W_c6809aeeac.jpeg', 'https://s3.carro57.com.br/FC/6561/7023387_0_W_6364b29a90.jpeg', 'https://s3.carro57.com.br/FC/6561/7023387_0_W_617eac4fcc.jpeg', 'https://s3.carro57.com.br/FC/6561/7023387_3_W_1638d0cd9f.jpeg', 'https://s3.carro57.com.br/FC/6561/7023387_13_W_d8462d4c4a.jpeg', 'https://s3.carro57.com.br/FC/6561/7023387_0_W_6dc611b4e7.jpeg', 'https://s3.carro57.com.br/FC/6561/7023387_5_W_df84a09210.jpeg', 'https://s3.carro57.com.br/FC/6561/7023387_0_W_4d9c2f92c8.jpeg', 'https://s3.carro57.com.br/FC/6561/7023387_13_W_a9cf71bc41.jpeg', 'https://s3.carro57.com.br/FC/6561/7023387_0_W_321fbd048b.jpeg']","BLINDADO

Extremamente conservado e com revisão minuciosa!
Completo:
Bancos em couro;
Rodas em liga leve;
Chave presencial;
Multimídia com câmera de ré;
Ar condicionado;
Direção elétrica;
Vidros elétricos.
Veículo com perícia cautelar aprovada;
Totalmente revisado;
Sem detalhes!
E muito mais! Entre em contato e confira!

Aceitamos seu carro na troca, com a melhor avaliação do mercado! Avaliação justa e com transparência.
Fazemos financiamento em até 60x! Com as melhores taxas do mercado.
Aceitamos pagamento com cartões de crédito!

Camões Multimarcas, onde você encontra as melhores opções de usados e seminovos, nosso objetivo é sempre oferecer as melhores ofertas, com qualidade e confiabilidade!

Todos os carros e motos são periciados e com garantia | Abs, Airbag, Alarme, Ar-condicionado, Ar Quente, Câmbio Automático, Desembaçador Traseiro, Direção Elétrica, Retrovisor Elétrico, Rodas De Liga Leve, Trava Elétrica, Vidros Elétricos, Banco Reclinável, Câmera De Ré, Chave Cópia/reserva, Chave Presencial, Encosto De Cabeça Traseiro, Kit Multimídia, Manual Do Proprietário, Som, Volante Com Multifunção, | CARROS SEMINOVOS COM OS MELHORES PREÇOS DE SANTOS! - CAMÕES MULTIMARCAS
CAMÕES MULTIMARCAS
Avenida Conselheiro Nébias,474 Encruzilhada - Santos
(13)99159-3602","['Abs', 'Airbag', 'Alarme', 'Ar-condicionado', 'Ar Quente', 'Câmbio Automático', 'Desembaçador Traseiro', 'Direção Elétrica', 'Retrovisor Elétrico', 'Rodas De Liga Leve', 'Trava Elétrica', 'Vidros Elétricos', 'Banco Reclinável', 'Câmera De Ré', 'Chave Cópia/reserva', 'Chave Presencial', 'Encosto De Cabeça Traseiro', 'Kit Multimídia', 'Manual Do Proprietário', 'Som', 'Volante Com Multifunção']"
2026-02-22 05:47:19,7085711,TOYOTA HILUXSW4 SRV4X4,TOYOTA,SRV4X4,"R$ 133.900,00",2013,239.400,AUTOMÁTICO,DIESEL,PRATA,https://s3.carro57.com.br/FC/6561/7085711_16_M_3adbc5f286.jpeg,https://camoesmultimarcas.com.br/carros/Toyota/Hiluxsw4/Srv4x4/Toyota-Hiluxsw4-Srv4x4-2013-Santos-Sao-Paulo-7085711.html,"['https://s3.carro57.com.br/FC/6561/7085711_16_W_3adbc5f286.jpeg', 'https://s3.carro57.com.br/FC/6561/7085711_0_W_61d11dfc21.jpeg', 'https://s3.carro57.com.br/FC/6561/7085711_0_W_befdb3ddce.jpeg', 'https://s3.carro57.com.br/FC/6561/7085711_17_W_d3e5f1c12f.jpeg', 'https://s3.carro57.com.br/FC/6561/7085711_17_W_05c69cbbad.jpeg', 'https://s3.carro57.com.br/FC/6561/7085711_6_W_efe48e5544.jpeg', 'https://s3.carro57.com.br/FC/6561/7085711_6_W_5545de698f.jpeg', 'https://s3.carro57.com.br/FC/6561/7085711_0_W_1d11b174ae.jpeg', 'https://s3.carro57.com.br/FC/6561/7085711_6_W_2a0b9d2fd3.jpeg', 'https://s3.carro57.com.br/FC/6561/7085711_6_W_d02cbc7c28.jpeg', 'https://s3.carro57.com.br/FC/6561/7085711_6_W_0f189e5799.jpeg', 'https://s3.carro57.com.br/FC/6561/7085711_6_W_50ec82eff9.jpeg', 'https://s3.carro57.com.br/FC/6561/7085711_6_W_3f410a0ceb.jpeg', 'https://s3.carro57.com.br/FC/6561/7085711_0_W_3921bfc07e.jpeg', 'https://s3.carro57.com.br/FC/6561/7085711_7_W_6e2f331818.jpeg', 'https://s3.carro57.com.br/FC/6561/7085711_8_W_5385093904.jpeg', 'https://s3.carro57.com.br/FC/6561/7085711_6_W_4e34d49e9d.jpeg']","BLINDADO, 7 LUGARES!
Extremamente conservado e com revisão minuciosa!
Completo:
Câmbio automático
7 lugares com ótimo espaço interno
Tração 4x4 com reduzida
Bancos em couro + ajuste elétrico do motorista
Central multimídia + câmera de ré
Piloto automático + volante multifuncional
Airbags frontais + freios ABS + controles de tração e estabilidade
Ar-condicionado automático
Rodas de liga leve aro 17""
Chave reserva + Manual do proprietário
Veículo com perícia cautelar aprovada;
Totalmente revisado;
Sem detalhes!
E muito mais! Entre em contato e confira!

Aceitamos seu carro na troca, com a melhor avaliação do mercado! Avaliação justa e com transparência.
Fazemos financiamento em até 60x! Com as melhores taxas do mercado.
Aceitamos pagamento com cartões de crédito!

Camões Multimarcas, onde você encontra as melhores opções de usados e seminovos, nosso objetivo é sempre oferecer as melhores ofertas, com qualidade e confiabilidade!

Todos os carros e motos são periciados e com garantia | 4x4, 7 Lugares, Abs, Airbag, Alarme, Apoio De Braço, Ar-condicionado, Ar Quente, Bancos De Couro, Câmbio Automático, Direção Hidráulica, Retrovisor Elétrico, Rodas De Liga Leve, Trava Elétrica, Vidros Elétricos, Banco Elétrico, Banco Reclinável, Chave Cópia/reserva, Descanso De Braço Central, Encosto De Cabeça Traseiro, Kit Multimídia, Manual Do Proprietário, Som, Volante Com Multifunção, | CARROS SEMINOVOS COM OS MELHORES PREÇOS DE SANTOS! - CAMÕES MULTIMARCAS
CAMÕES MULTIMARCAS
Avenida Conselheiro Nébias,474 Encruzilhada - Santos
(13)99159-3602","['4x4', '7 Lugares', 'Abs', 'Airbag', 'Alarme', 'Apoio De Braço', 'Ar-condicionado', 'Ar Quente', 'Bancos De Couro', 'Câmbio Automático', 'Direção Hidráulica', 'Retrovisor Elétrico', 'Rodas De Liga Leve', 'Trava Elétrica', 'Vidros Elétricos', 'Banco Elétrico', 'Banco Reclinável', 'Chave Cópia/reserva', 'Descanso De Braço Central', 'Encosto De Cabeça Traseiro', 'Kit Multimídia', 'Manual Do Proprietário', 'Som', 'Volante Com Multifunção']"
2026-02-22 05:47:21,7791420,VOLKSWAGEN FOX 1.0 GII,VOLKSWAGEN,1.0 GII,"R$ 39.900,00",2013,103.449,MANUAL,FLEX,PRATA,https://s3.carro57.com.br/FC/6561/7791420_9_M_7f5897f065.jpeg,https://camoesmultimarcas.com.br/carros/Volkswagen/Fox/10-Gii/Volkswagen-Fox-10-Gii-2013-Santos-Sao-Paulo-7791420.html,"['https://s3.carro57.com.br/FC/6561/7791420_9_W_7f5897f065.jpeg', 'https://s3.carro57.com.br/FC/6561/7791420_0_W_51ff677370.jpeg', 'https://s3.carro57.com.br/FC/6561/7791420_0_W_71100d70ba.jpeg', 'https://s3.carro57.com.br/FC/6561/7791420_0_W_1efc31e38e.jpeg', 'https://s3.carro57.com.br/FC/6561/7791420_0_W_df971aeaa5.jpeg', 'https://s3.carro57.com.br/FC/6561/7791420_0_W_9967bc55f2.jpeg', 'https://s3.carro57.com.br/FC/6561/7791420_0_W_56835c97fb.jpeg', 'https://s3.carro57.com.br/FC/6561/7791420_0_W_6d2fc41a77.jpeg', 'https://s3.carro57.com.br/FC/6561/7791420_0_W_77c0cf0fe1.jpeg', 'https://s3.carro57.com.br/FC/6561/7791420_0_W_51227dc65f.jpeg']","? VW FOX 1.0 GII FLEX 2013 ? PRATA ? COMPLETO!
? IPVA 2026 TOTALMENTE GRÁTIS! ?

Veículo muito bem conservado, econômico e ideal para o dia a dia!

? Ano 2013
? Motor 1.0 Flex ? 76cv
? Câmbio Manual
? Cor Prata
? Sem restrições ou observações

? Opcionais:
- Ar-condicionado
- Direção hidráulica
- Vidros elétricos
- Travas elétricas
- Airbag
- Freios ABS
- Desembaçador traseiro
- Limpador e lavador traseiro

? Extremamente econômico
? Baixo custo de manutenção
? Ótimo estado geral
? Documentação em dia
? Pronto para transferência

? Aceitamos seu carro na troca com excelente avaliação!
? Financiamento em até 60x com ótimas taxas!
? Aceitamos cartão (consulte condições).

Aqui na Camões Multimarcas você compra com segurança, transparência e procedência garantida! | CARROS SEMINOVOS COM OS MELHORES PREÇOS DE SANTOS! - CAMÕES MULTIMARCAS
CAMÕES MULTIMARCAS
Avenida Conselheiro Nébias,474 Encruzilhada - Santos
(13)99159-3602",['Opcionais']
2026-02-22 05:47:22,7768548,NISSAN TIIDA 18SL FLEX,NISSAN,18SL FLEX,"R$ 44.900,00",2013,132.183,MANUAL,FLEX,BRANCO,https://s3.carro57.com.br/FC/6561/7768548_2_M_b77242a2f0.jpeg,https://camoesmultimarcas.com.br/carros/Nissan/Tiida/18sl-Flex/Nissan-Tiida-18sl-Flex-2013-Santos-Sao-Paulo-7768548.html,"['https://s3.carro57.com.br/FC/6561/7768548_2_W_b77242a2f0.jpeg', 'https://s3.carro57.com.br/FC/6561/7768548_1_W_4b02e28b0b.jpeg', 'https://s3.carro57.com.br/FC/6561/7768548_1_W_4b5df7980e.jpeg', 'https://s3.carro57.com.br/FC/6561/7768548_0_W_ffe323d038.jpeg', 'https://s3.carro57.com.br/FC/6561/7768548_1_W_07c4bf1f4d.jpeg', 'https://s3.carro57.com.br/FC/6561/7768548_0_W_23309aeb10.jpeg', 'https://s3.carro57.com.br/FC/6561/7768548_11_W_326addd6e6.jpeg', 'https://s3.carro57.com.br/FC/6561/7768548_2_W_9879d0ed19.jpeg', 'https://s3.carro57.com.br/FC/6561/7768548_1_W_a57e2a1f0c.jpeg', 'https://s3.carro57.com.br/FC/6561/7768548_17_W_7994700b14.jpeg', 'https://s3.carro57.com.br/FC/6561/7768548_1_W_8fc5b5bb3d.jpeg', 'https://s3.carro57.com.br/FC/6561/7768548_12_W_164df61411.jpeg', 'https://s3.carro57.com.br/FC/6561/7768548_1_W_6170c12432.jpeg', 'https://s3.carro57.com.br/FC/6561/7768548_2_W_7d76d74170.jpeg', 'https://s3.carro57.com.br/FC/6561/7768548_13_W_741ac5c99b.jpeg', 'https://s3.carro57.com.br/FC/6561/7768548_12_W_0d9e5c9751.jpeg', 'https://s3.carro57.com.br/FC/6561/7768548_1_W_d0a51824f2.jpeg', 'https://s3.carro57.com.br/FC/6561/7768548_1_W_d126b2c7fc.jpeg']","Extremamente conservado e com revisão minuciosa!
Completo:
Teto solar;
Chave presencial;
Bancos em couro;
Câmbio manual de 6 marchas;
Rodas em liga leve;
Multimídia com câmera de ré;
Ar condicionado;
Direção elétrica;
Vidros elétricos.
Veículo com perícia cautelar aprovada;
Totalmente revisado;
Sem detalhes!
E muito mais! Entre em contato e confira!

Aceitamos seu carro na troca, com a melhor avaliação do mercado! Avaliação justa e com transparência.
Fazemos financiamento em até 60x! Com as melhores taxas do mercado.
Aceitamos pagamento com cartões de crédito!

Camões Multimarcas, onde você encontra as melhores opções de usados e seminovos, nosso objetivo é sempre oferecer as melhores ofertas, com qualidade e confiabilidade!

Todos os carros e motos são periciados e com garantia | Abs, Airbag, Ar-condicionado, Ar Quente, Bancos De Couro, Câmbio Manual, Desembaçador Traseiro, Direção Elétrica, Limpador Traseiro, Retrovisor Elétrico, Rodas De Liga Leve, Teto Solar, Trava Elétrica, Vidros Elétricos, Banco Reclinável, Câmera De Ré, Chave Cópia/reserva, Chave Presencial, Encosto De Cabeça Traseiro, Kit Multimídia, Manual Do Proprietário, Som, | CARROS SEMINOVOS COM OS MELHORES PREÇOS DE SANTOS! - CAMÕES MULTIMARCAS
CAMÕES MULTIMARCAS
Avenida Conselheiro Nébias,474 Encruzilhada - Santos
(13)99159-3602","['Abs', 'Airbag', 'Ar-condicionado', 'Ar Quente', 'Bancos De Couro', 'Câmbio Manual', 'Desembaçador Traseiro', 'Direção Elétrica', 'Limpador Traseiro', 'Retrovisor Elétrico', 'Rodas De Liga Leve', 'Teto Solar', 'Trava Elétrica', 'Vidros Elétricos', 'Banco Reclinável', 'Câmera De Ré', 'Chave Cópia/reserva', 'Chave Presencial', 'Encosto De Cabeça Traseiro', 'Kit Multimídia', 'Manual Do Proprietário', 'Som']"
2026-02-22 05:47:23,7468456,VOLKSWAGEN JETTA 2.0,VOLKSWAGEN,2.0,"R$ 61.900,00",2013,113.000,AUTOMÁTICO,FLEX,PRATA,https://s3.carro57.com.br/FC/6561/7468456_16_M_f13d69bad1.jpeg,https://camoesmultimarcas.com.br/carros/Volkswagen/Jetta/20/Volkswagen-Jetta-20-2013-Santos-Sao-Paulo-7468456.html,"['https://s3.carro57.com.br/FC/6561/7468456_16_W_f13d69bad1.jpeg', 'https://s3.carro57.com.br/FC/6561/7468456_1_W_46ea607eae.jpeg', 'https://s3.carro57.com.br/FC/6561/7468456_0_W_e8bd2f2de2.jpeg', 'https://s3.carro57.com.br/FC/6561/7468456_8_W_faa2c894e8.jpeg', 'https://s3.carro57.com.br/FC/6561/7468456_7_W_4267c68047.jpeg', 'https://s3.carro57.com.br/FC/6561/7468456_7_W_0376e83727.jpeg', 'https://s3.carro57.com.br/FC/6561/7468456_7_W_3a06bda8bf.jpeg', 'https://s3.carro57.com.br/FC/6561/7468456_3_W_a84753c893.jpeg', 'https://s3.carro57.com.br/FC/6561/7468456_1_W_b02b667660.jpeg', 'https://s3.carro57.com.br/FC/6561/7468456_15_W_4e8e5c13a1.jpeg', 'https://s3.carro57.com.br/FC/6561/7468456_8_W_554d235253.jpeg', 'https://s3.carro57.com.br/FC/6561/7468456_7_W_f04acabbe9.jpeg', 'https://s3.carro57.com.br/FC/6561/7468456_1_W_e7628ae758.jpeg', 'https://s3.carro57.com.br/FC/6561/7468456_4_W_bef326a473.jpeg', 'https://s3.carro57.com.br/FC/6561/7468456_4_W_61543474f8.jpeg', 'https://s3.carro57.com.br/FC/6561/7468456_16_W_9f16343f1d.jpeg', 'https://s3.carro57.com.br/FC/6561/7468456_7_W_fb224e7042.jpeg']","Extremamente conservado e com revisão minuciosa!
Completo:
Automático;
Bancos em couro;
Ar condicionado;
Direção Hidráulica;
Vidros elétricos nas 4 portas.
Veículo com perícia cautelar aprovada;
Totalmente revisado;
Sem detalhes!
E muito mais! Entre em contato e confira!

Aceitamos seu carro na troca, com a melhor avaliação do mercado! Avaliação justa e com transparência.
Fazemos financiamento em até 60x! Com as melhores taxas do mercado.
Aceitamos pagamento com cartões de crédito!

Camões Multimarcas, onde você encontra as melhores opções de usados e seminovos, nosso objetivo é sempre oferecer as melhores ofertas, com qualidade e confiabilidade!

Todos os carros e motos são periciados e com garantia | Ar-condicionado, Ar Quente, Câmbio Automático, Desembaçador Traseiro, Direção Hidráulica, Rodas De Liga Leve, Trava Elétrica, Vidros Elétricos, Banco Reclinável, Chave Cópia/reserva, Encosto De Cabeça Traseiro, Manual Do Proprietário, Som, | CARROS SEMINOVOS COM OS MELHORES PREÇOS DE SANTOS! - CAMÕES MULTIMARCAS
CAMÕES MULTIMARCAS
Avenida Conselheiro Nébias,474 Encruzilhada - Santos
(13)99159-3602","['Ar-condicionado', 'Ar Quente', 'Câmbio Automático', 'Desembaçador Traseiro', 'Direção Hidráulica', 'Rodas De Liga Leve', 'Trava Elétrica', 'Vidros Elétricos', 'Banco Reclinável', 'Chave Cópia/reserva', 'Encosto De Cabeça Traseiro', 'Manual Do Proprietário', 'Som']"
2026-02-22 05:47:25,7617262,KIA CARNIVAL EX 3.5LV6,KIA,EX 3.5LV6,"R$ 61.900,00",2012,82.323,AUTOMÁTICO,GASOLINA,PRETO,https://s3.carro57.com.br/FC/6561/7617262_19_M_b00ba42f6c.jpeg,https://camoesmultimarcas.com.br/carros/Kia/Carnival/Ex-35lv6/Kia-Carnival-Ex-35lv6-2012-Santos-Sao-Paulo-7617262.html,"['https://s3.carro57.com.br/FC/6561/7617262_19_W_b00ba42f6c.jpeg', 'https://s3.carro57.com.br/FC/6561/7617262_10_W_3849669b3a.jpeg', 'https://s3.carro57.com.br/FC/6561/7617262_10_W_4f5f362df4.jpeg', 'https://s3.carro57.com.br/FC/6561/7617262_1_W_ddc584b238.jpeg', 'https://s3.carro57.com.br/FC/6561/7617262_0_W_c34d48e286.jpeg', 'https://s3.carro57.com.br/FC/6561/7617262_1_W_0b1fc6a554.jpeg', 'https://s3.carro57.com.br/FC/6561/7617262_17_W_e823d64134.jpeg', 'https://s3.carro57.com.br/FC/6561/7617262_17_W_e5a1a7eb6e.jpeg', 'https://s3.carro57.com.br/FC/6561/7617262_0_W_554a1b2ff6.jpeg', 'https://s3.carro57.com.br/FC/6561/7617262_0_W_b753f710b4.jpeg', 'https://s3.carro57.com.br/FC/6561/7617262_10_W_d7f8b1aa20.jpeg', 'https://s3.carro57.com.br/FC/6561/7617262_1_W_af499a54e6.jpeg', 'https://s3.carro57.com.br/FC/6561/7617262_0_W_0b4ad38773.jpeg', 'https://s3.carro57.com.br/FC/6561/7617262_15_W_7d23b550e4.jpeg', 'https://s3.carro57.com.br/FC/6561/7617262_1_W_1f9dd375ec.jpeg', 'https://s3.carro57.com.br/FC/6561/7617262_1_W_bca1c2eaac.jpeg', 'https://s3.carro57.com.br/FC/6561/7617262_1_W_7c0115a534.jpeg', 'https://s3.carro57.com.br/FC/6561/7617262_15_W_1ac9b5c4c3.jpeg', 'https://s3.carro57.com.br/FC/6561/7617262_10_W_44589e0cac.jpeg', 'https://s3.carro57.com.br/FC/6561/7617262_10_W_c60f0cb241.jpeg']","BLINDADO! Nivel IIIA

Extremamente conservado e com revisão minuciosa!
Completo:
7 Lugares;
Apenas 82 mil km;
Câmbio automático;
Ar condicionado;
Direção Hidráulica;
Vidros elétricos.
Veículo com perícia cautelar aprovada;
Totalmente revisado;
Sem detalhes!
E muito mais! Entre em contato e confira!

Aceitamos seu carro na troca, com a melhor avaliação do mercado! Avaliação justa e com transparência.
Fazemos financiamento em até 60x! Com as melhores taxas do mercado.
Aceitamos pagamento com cartões de crédito!

Camões Multimarcas, onde você encontra as melhores opções de usados e seminovos, nosso objetivo é sempre oferecer as melhores ofertas, com qualidade e confiabilidade!

Todos os carros e motos são periciados e com garantia | 7 Lugares, Abs, Airbag, Alarme, Apoio De Braço, Ar-condicionado, Ar Quente, Bancos De Couro, Câmbio Automático, Desembaçador Traseiro, Direção Hidráulica, Retrovisor Elétrico, Rodas De Liga Leve, Trava Elétrica, Vidros Elétricos, Chave Cópia/reserva, Encosto De Cabeça Traseiro, Manual Do Proprietário, Som, | CARROS SEMINOVOS COM OS MELHORES PREÇOS DE SANTOS! - CAMÕES MULTIMARCAS
CAMÕES MULTIMARCAS
Avenida Conselheiro Nébias,474 Encruzilhada - Santos
(13)99159-3602","['7 Lugares', 'Abs', 'Airbag', 'Alarme', 'Apoio De Braço', 'Ar-condicionado', 'Ar Quente', 'Bancos De Couro', 'Câmbio Automático', 'Desembaçador Traseiro', 'Direção Hidráulica', 'Retrovisor Elétrico', 'Rodas De Liga Leve', 'Trava Elétrica', 'Vidros Elétricos', 'Chave Cópia/reserva', 'Encosto De Cabeça Traseiro', 'Manual Do Proprietário', 'Som']"
2026-02-22 05:47:26,7761327,RENAULT SANDERO 1.6 PRIVILEGE,RENAULT,1.6 PRIVILEGE,"R$ 35.900,00",2012,118.000,MANUAL,FLEX,CINZA,https://s3.carro57.com.br/FC/6561/7761327_1_M_c0d7f9b111.jpeg,https://camoesmultimarcas.com.br/carros/Renault/Sandero/16-Privilege/Renault-Sandero-16-Privilege-2012-Santos-Sao-Paulo-7761327.html,"['https://s3.carro57.com.br/FC/6561/7761327_1_W_c0d7f9b111.jpeg', 'https://s3.carro57.com.br/FC/6561/7761327_1_W_d8fd715a73.jpeg', 'https://s3.carro57.com.br/FC/6561/7761327_6_W_ca051305be.jpeg', 'https://s3.carro57.com.br/FC/6561/7761327_6_W_76ca56b370.jpeg', 'https://s3.carro57.com.br/FC/6561/7761327_6_W_ca03b8a370.jpeg', 'https://s3.carro57.com.br/FC/6561/7761327_11_W_b8bbf5fd84.jpeg', 'https://s3.carro57.com.br/FC/6561/7761327_1_W_194490ea40.jpeg', 'https://s3.carro57.com.br/FC/6561/7761327_0_W_7bd4c90603.jpeg', 'https://s3.carro57.com.br/FC/6561/7761327_11_W_97ba875c6e.jpeg', 'https://s3.carro57.com.br/FC/6561/7761327_14_W_c52d9a2fd3.jpeg', 'https://s3.carro57.com.br/FC/6561/7761327_6_W_fe555167d7.jpeg', 'https://s3.carro57.com.br/FC/6561/7761327_1_W_64d5cc71ab.jpeg', 'https://s3.carro57.com.br/FC/6561/7761327_3_W_64d80d48ef.jpeg', 'https://s3.carro57.com.br/FC/6561/7761327_6_W_d8b9be415c.jpeg', 'https://s3.carro57.com.br/FC/6561/7761327_11_W_d118b8a9ff.jpeg', 'https://s3.carro57.com.br/FC/6561/7761327_14_W_79bba6bc78.jpeg']","Extremamente conservado e com revisão minuciosa!
Completo:
Rodas em liga leve;
Controles do som no volante;
Sensor de ré;
Ar condicionado;
Direção Hidráulica;
Vidros elétricos.
Veículo com perícia cautelar aprovada;
Totalmente revisado;
Sem detalhes!
E muito mais! Entre em contato e confira!

Aceitamos seu carro na troca, com a melhor avaliação do mercado! Avaliação justa e com transparência.
Fazemos financiamento em até 60x! Com as melhores taxas do mercado.
Aceitamos pagamento com cartões de crédito!

Camões Multimarcas, onde você encontra as melhores opções de usados e seminovos, nosso objetivo é sempre oferecer as melhores ofertas, com qualidade e confiabilidade!

Todos os carros e motos são periciados e com garantia | Ar-condicionado, Ar Quente, Câmbio Manual, Direção Hidráulica, Retrovisor Elétrico, Rodas De Liga Leve, Sensor De Estacionamento, Trava Elétrica, Vidros Elétricos, Banco Reclinável, Encosto De Cabeça Traseiro, Manual Do Proprietário, Rádio Bluetooth, Som, Volante Com Multifunção, | CARROS SEMINOVOS COM OS MELHORES PREÇOS DE SANTOS! - CAMÕES MULTIMARCAS
CAMÕES MULTIMARCAS
Avenida Conselheiro Nébias,474 Encruzilhada - Santos
(13)99159-3602","['Ar-condicionado', 'Ar Quente', 'Câmbio Manual', 'Direção Hidráulica', 'Retrovisor Elétrico', 'Rodas De Liga Leve', 'Sensor De Estacionamento', 'Trava Elétrica', 'Vidros Elétricos', 'Banco Reclinável', 'Encosto De Cabeça Traseiro', 'Manual Do Proprietário', 'Rádio Bluetooth', 'Som', 'Volante Com Multifunção']"
2026-02-22 05:47:27,7728617,HYUNDAI I30 2.0,HYUNDAI,2.0,"R$ 49.900,00",2012,127.000,AUTOMÁTICO,GASOLINA,PRETO,https://s3.carro57.com.br/FC/6561/7728617_1_M_0829972c14.jpeg,https://camoesmultimarcas.com.br/carros/Hyundai/I30/20/Hyundai-I30-20-2012-Santos-Sao-Paulo-7728617.html,"['https://s3.carro57.com.br/FC/6561/7728617_1_W_0829972c14.jpeg', 'https://s3.carro57.com.br/FC/6561/7728617_4_W_c736d00035.jpeg', 'https://s3.carro57.com.br/FC/6561/7728617_7_W_6a79ba6f84.jpeg', 'https://s3.carro57.com.br/FC/6561/7728617_6_W_928d0bf63a.jpeg', 'https://s3.carro57.com.br/FC/6561/7728617_6_W_1e6cd9bfa0.jpeg', 'https://s3.carro57.com.br/FC/6561/7728617_10_W_2b0bf09315.jpeg', 'https://s3.carro57.com.br/FC/6561/7728617_4_W_418812c5ea.jpeg', 'https://s3.carro57.com.br/FC/6561/7728617_8_W_6c4c79c52d.jpeg', 'https://s3.carro57.com.br/FC/6561/7728617_0_W_287ee698f5.jpeg', 'https://s3.carro57.com.br/FC/6561/7728617_1_W_12e2c527e9.jpeg', 'https://s3.carro57.com.br/FC/6561/7728617_1_W_d363da8686.jpeg']","? HYUNDAI i30 2.0 2012 ? AUTOMÁTICO ? COMPLETO!
? IPVA 2026 TOTALMENTE GRÁTIS! ?

Excelente desempenho, conforto e estabilidade. Ideal para quem busca potência e acabamento superior.

? Ano 2012
? Motor 2.0 ? 145cv
? Gasolina
? Automático

? Opcionais:
- Ar-condicionado
- Direção elétrica
- Vidros elétricos
- Travas elétricas
- Airbags
- Freios ABS
- Computador de bordo
- Som original
- Limpador e Desembaçador traseiro
- Rodas de Liga Leve
- Faróis de Milha

? Aceitamos seu carro na troca com avaliação justa!
? Financiamento em até 60x com as melhores taxas!
? Aceitamos cartão de crédito (consulte condições).

Aqui na Camões Multimarcas você compra com segurança, transparência e procedência garantida! | CARROS SEMINOVOS COM OS MELHORES PREÇOS DE SANTOS! - CAMÕES MULTIMARCAS
CAMÕES MULTIMARCAS
Avenida Conselheiro Nébias,474 Encruzilhada - Santos
(13)99159-3602",['Opcionais']
2026-02-22 05:47:29,7753615,CITROEN C3 EXCL 14 FLEX,CITROEN,EXCL 14 FLEX,"R$ 31.900,00",2012,89.001,MANUAL,FLEX,PRATA,https://s3.carro57.com.br/FC/6561/7753615_10_M_b288e0f5f4.jpeg,https://camoesmultimarcas.com.br/carros/Citroen/C3-Excl/14-Flex/Citroen-C3-Excl-14-Flex-2012-Santos-Sao-Paulo-7753615.html,"['https://s3.carro57.com.br/FC/6561/7753615_10_W_b288e0f5f4.jpeg', 'https://s3.carro57.com.br/FC/6561/7753615_0_W_d565e3e2cc.jpeg', 'https://s3.carro57.com.br/FC/6561/7753615_1_W_28cd88100a.jpeg', 'https://s3.carro57.com.br/FC/6561/7753615_0_W_b2f5614507.jpeg', 'https://s3.carro57.com.br/FC/6561/7753615_1_W_7a2bc81dcf.jpeg', 'https://s3.carro57.com.br/FC/6561/7753615_1_W_e4fc9e0ed2.jpeg', 'https://s3.carro57.com.br/FC/6561/7753615_1_W_49c844a9cb.jpeg', 'https://s3.carro57.com.br/FC/6561/7753615_2_W_c8665c244a.jpeg', 'https://s3.carro57.com.br/FC/6561/7753615_4_W_edc33fcdad.jpeg', 'https://s3.carro57.com.br/FC/6561/7753615_4_W_dbfcc0c63e.jpeg', 'https://s3.carro57.com.br/FC/6561/7753615_0_W_c199fb2987.jpeg']","? CITROËN C3 EXCLUSIVE 1.4 FLEX 2012 ? PRATA ? COMPLETÍSSIMO!
? IPVA 2026 TOTALMENTE GRÁTIS! ?

Veículo muito bem conservado, com excelente conjunto de opcionais e ideal para uso urbano ou estrada!

? Ano 2012
? Motor 1.4 Flex ? Econômico e eficiente
? Câmbio Manual
? Cor Prata
? Sem observações ou restrições no documento

? Itens de série:
- Banco de Couro
- Ar-Condicionado
- Direção assistida elétrica
- Vidros elétricos dianteiros e traseiros
- Travas elétricas
- Ajuste de altura do banco do motorista
- Ajuste de altura do volante
- Retrovisores elétricos
- Computador de bordo
- Desembaçador e limpador traseiro
- Airbags frontais
- Faróis de milha

? Conforto e praticidade para o dia a dia
? Ótimo desempenho urbano
? Excelente custo-benefício
? Documentação em dia
? Pronto para transferência

? Aceitamos seu carro na troca com avaliação justa!
? Financiamento em até 60x com as melhores taxas!
? Aceitamos cartão de crédito (consulte condições).

Aqui na Camões Multimarcas você compra com segurança, transparência e procedência garantida! | CARROS SEMINOVOS COM OS MELHORES PREÇOS DE SANTOS! - CAMÕES MULTIMARCAS
CAMÕES MULTIMARCAS
Avenida Conselheiro Nébias,474 Encruzilhada - Santos
(13)99159-3602",['Opcionais']
2026-02-22 05:47:30,7626134,VOLKSWAGEN GOLF 2.0,VOLKSWAGEN,2.0,"R$ 47.900,00",2010,108.000,AUTOMÁTICO,FLEX,PRETO,https://s3.carro57.com.br/FC/6561/7626134_2_M_0899c0a240.jpeg,https://camoesmultimarcas.com.br/carros/Volkswagen/Golf/20/Volkswagen-Golf-20-2010-Santos-Sao-Paulo-7626134.html,"['https://s3.carro57.com.br/FC/6561/7626134_2_W_0899c0a240.jpeg', 'https://s3.carro57.com.br/FC/6561/7626134_2_W_0913189dba.jpeg', 'https://s3.carro57.com.br/FC/6561/7626134_2_W_59d887cd99.jpeg', 'https://s3.carro57.com.br/FC/6561/7626134_2_W_c9fc44a3b7.jpeg', 'https://s3.carro57.com.br/FC/6561/7626134_13_W_7e5a7587be.jpeg', 'https://s3.carro57.com.br/FC/6561/7626134_0_W_1be3ece289.jpeg', 'https://s3.carro57.com.br/FC/6561/7626134_0_W_00ece21e6b.jpeg', 'https://s3.carro57.com.br/FC/6561/7626134_13_W_01bd5d7528.jpeg', 'https://s3.carro57.com.br/FC/6561/7626134_13_W_1cc65ff704.jpeg', 'https://s3.carro57.com.br/FC/6561/7626134_10_W_04378e4fc5.jpeg', 'https://s3.carro57.com.br/FC/6561/7626134_4_W_7d96d950f8.jpeg', 'https://s3.carro57.com.br/FC/6561/7626134_3_W_e1dfa809ee.jpeg', 'https://s3.carro57.com.br/FC/6561/7626134_10_W_8e4e755935.jpeg', 'https://s3.carro57.com.br/FC/6561/7626134_5_W_51a74cb137.jpeg', 'https://s3.carro57.com.br/FC/6561/7626134_16_W_a9ecf134c8.jpeg', 'https://s3.carro57.com.br/FC/6561/7626134_10_W_a4a4c9d65e.jpeg']","Extremamente conservado e com revisão minuciosa!
Completo:
Bancos em couro;
Câmbio automático;
Ar condicionado;
Direção Hidráulica;
Vidros elétricos nas 4 portas.
Veículo com perícia cautelar aprovada;
Totalmente revisado;
Sem detalhes!
E muito mais! Entre em contato e confira!

Aceitamos seu carro na troca, com a melhor avaliação do mercado! Avaliação justa e com transparência.
Fazemos financiamento em até 60x! Com as melhores taxas do mercado.
Aceitamos pagamento com cartões de crédito!

Camões Multimarcas, onde você encontra as melhores opções de usados e seminovos, nosso objetivo é sempre oferecer as melhores ofertas, com qualidade e confiabilidade!

Todos os carros e motos são periciados e com garantia | Abs, Airbag, Alarme, Apoio De Braço, Ar-condicionado, Ar Quente, Bancos De Couro, Câmbio Automático, Desembaçador Traseiro, Direção Hidráulica, Retrovisor Elétrico, Rodas De Liga Leve, Trava Elétrica, Vidros Elétricos, Banco Reclinável, Chave Cópia/reserva, Encosto De Cabeça Traseiro, Kit Multimídia, Manual Do Proprietário, Som, | CARROS SEMINOVOS COM OS MELHORES PREÇOS DE SANTOS! - CAMÕES MULTIMARCAS
CAMÕES MULTIMARCAS
Avenida Conselheiro Nébias,474 Encruzilhada - Santos
(13)99159-3602","['Abs', 'Airbag', 'Alarme', 'Apoio De Braço', 'Ar-condicionado', 'Ar Quente', 'Bancos De Couro', 'Câmbio Automático', 'Desembaçador Traseiro', 'Direção Hidráulica', 'Retrovisor Elétrico', 'Rodas De Liga Leve', 'Trava Elétrica', 'Vidros Elétricos', 'Banco Reclinável', 'Chave Cópia/reserva', 'Encosto De Cabeça Traseiro', 'Kit Multimídia', 'Manual Do Proprietário', 'Som']"
